 Timestamp,Source,Speed (kn),,Longitude (°),Latitude (°),lon2,lat2,Course (°)
2018-02-07 17:14 (UTC),Terr-AIS,0,,-21.85325,64.15,,,270
2018-02-07 17:27 (UTC),Terr-AIS,7,,-21.85299,64.15012,,,79
2018-02-07 17:30 (UTC),Terr-AIS,36,,-21.8503,64.15166,,,356
2018-02-07 17:32 (UTC),Terr-AIS,50,,-21.85298,64.15412,,,317
2018-02-07 17:34 (UTC),Terr-AIS,56,,-21.85966,64.15754,,,319
2018-02-07 17:37 (UTC),Terr-AIS,86,,-21.86642,64.1608,,,316
2018-02-07 17:39 (UTC),Terr-AIS,101,,-21.87634,64.16518,,,314
2018-02-07 17:42 (UTC),Terr-AIS,118,,-21.88774,64.17029,,,316
2018-02-07 17:45 (UTC),Terr-AIS,123,,-21.90451,64.17802,,,316
2018-02-07 17:47 (UTC),Terr-AIS,124,,-21.91606,64.18332,,,316
2018-02-07 17:50 (UTC),Terr-AIS,124,,-21.92873,64.18928,,,316
2018-02-07 17:53 (UTC),Terr-AIS,125,,-21.93995,64.19459,,,320
2018-02-07 17:56 (UTC),Terr-AIS,119,,-21.96628,64.1954,,,260
2018-02-07 17:59 (UTC),Terr-AIS,121,,-21.98367,64.19396,,,259
2018-02-07 18:02 (UTC),Terr-AIS,127,,-22.01451,64.19073,,,257
2018-02-07 18:05 (UTC),Terr-AIS,127,,-22.03949,64.18819,,,257
2018-02-07 18:07 (UTC),Terr-AIS,128,,-22.05817,64.18632,,,257
2018-02-07 18:09 (UTC),Terr-AIS,127,,-22.07623,64.18409,,,254
2018-02-07 18:12 (UTC),Terr-AIS,126,,-22.09193,64.1824,,,259
2018-02-07 18:14 (UTC),Terr-AIS,127,,-22.10909,64.18143,,,264
2018-02-07 18:17 (UTC),Terr-AIS,127,,-22.10909,64.18143,,,264
2018-02-07 18:19 (UTC),Terr-AIS,129,,-22.13741,64.18,,,263
2018-02-07 18:22 (UTC),Terr-AIS,129,,-22.15634,64.17898,,,263
2018-02-07 18:24 (UTC),Terr-AIS,130,,-22.17538,64.17798,,,262
2018-02-07 18:27 (UTC),Terr-AIS,129,,-22.19422,64.17697,,,262
2018-02-07 18:30 (UTC),Terr-AIS,128,,-22.21169,64.17595,,,262
2018-02-07 18:32 (UTC),Terr-AIS,129,,-22.2293,64.17494,,,261
2018-02-07 18:34 (UTC),Terr-AIS,129,,-22.24293,64.17413,,,262
2018-02-07 18:36 (UTC),Terr-AIS,128,,-22.25911,64.17319,,,262
2018-02-07 18:39 (UTC),Terr-AIS,129,,-22.27658,64.17216,,,263
2018-02-07 18:43 (UTC),Terr-AIS,130,,-22.29277,64.17117,,,262
2018-02-07 18:45 (UTC),Terr-AIS,129,,-22.31019,64.17015,,,261
2018-02-07 18:47 (UTC),Terr-AIS,128,,-22.32634,64.16925,,,262
2018-02-07 18:49 (UTC),Terr-AIS,127,,-22.3424,64.16833,,,263
2018-02-07 18:53 (UTC),Terr-AIS,126,,-22.361,64.16724,,,262
2018-02-07 18:55 (UTC),Terr-AIS,124,,-22.38094,64.16625,,,266
2018-02-07 18:58 (UTC),Terr-AIS,125,,-22.40203,64.16572,,,266
2018-02-07 19:00 (UTC),Terr-AIS,125,,-22.41909,64.16532,,,266
2018-02-07 19:02 (UTC),Terr-AIS,126,,-22.44444,64.16476,,,267
2018-02-07 19:06 (UTC),Terr-AIS,126,,-22.46046,64.16438,,,266
2018-02-07 19:08 (UTC),Terr-AIS,126,,-22.48066,64.16386,,,266
2018-02-07 19:11 (UTC),Terr-AIS,127,,-22.50469,64.16327,,,267
2018-02-07 19:14 (UTC),Terr-AIS,125,,-22.52437,64.1628,,,266
2018-02-07 19:17 (UTC),Terr-AIS,125,,-22.54021,64.16245,,,267
2018-02-07 19:20 (UTC),Terr-AIS,124,,-22.55743,64.16208,,,267
2018-02-07 19:23 (UTC),Terr-AIS,123,,-22.5731,64.16177,,,267
2018-02-07 19:26 (UTC),Terr-AIS,122,,-22.59531,64.1614,,,268
2018-02-07 19:30 (UTC),Terr-AIS,121,,-22.61204,64.16109,,,267
2018-02-07 19:32 (UTC),Terr-AIS,121,,-22.62863,64.16086,,,268
2018-02-07 19:34 (UTC),Terr-AIS,122,,-22.65438,64.16055,,,267
2018-02-07 19:36 (UTC),Terr-AIS,121,,-22.67893,64.16028,,,268
2018-02-07 19:38 (UTC),Terr-AIS,123,,-22.70098,64.1601,,,269
2018-02-07 19:40 (UTC),Terr-AIS,122,,-22.72154,64.15995,,,269
2018-02-07 19:42 (UTC),Terr-AIS,121,,-22.74751,64.15987,,,270
2018-02-07 19:44 (UTC),Terr-AIS,121,,-22.76563,64.15984,,,270
2018-02-07 19:47 (UTC),Terr-AIS,121,,-22.78612,64.15987,,,269
2018-02-07 19:50 (UTC),Terr-AIS,124,,-22.8043,64.15995,,,271
2018-02-07 19:53 (UTC),Terr-AIS,124,,-22.82545,64.16006,,,270
2018-02-07 19:57 (UTC),Terr-AIS,126,,-22.8453,64.16025,,,271
2018-02-07 19:59 (UTC),Terr-AIS,125,,-22.86378,64.16043,,,271
2018-02-07 20:01 (UTC),Terr-AIS,127,,-22.89318,64.16071,,,272
2018-02-07 20:04 (UTC),Terr-AIS,125,,-22.91148,64.16004,,,254
2018-02-07 20:07 (UTC),Terr-AIS,127,,-22.932,64.15736,,,253
2018-02-07 20:11 (UTC),Terr-AIS,125,,-22.94484,64.15567,,,253
2018-02-07 20:13 (UTC),Terr-AIS,127,,-22.96526,64.153,,,253
2018-02-07 20:15 (UTC),Terr-AIS,127,,-22.9859,64.15038,,,253
2018-02-07 20:18 (UTC),Terr-AIS,127,,-23.00907,64.14736,,,253
2018-02-07 20:20 (UTC),Terr-AIS,127,,-23.00907,64.14736,,,253
2018-02-07 20:22 (UTC),Terr-AIS,129,,-23.03103,64.14442,,,252
2018-02-07 20:24 (UTC),Terr-AIS,129,,-23.04942,64.14183,,,252
2018-02-07 20:27 (UTC),Terr-AIS,130,,-23.06882,64.13915,,,252
2018-02-07 20:31 (UTC),Terr-AIS,130,,-23.08727,64.13661,,,252
2018-02-07 20:34 (UTC),Terr-AIS,129,,-23.10789,64.13373,,,251
2018-02-07 20:36 (UTC),Terr-AIS,127,,-23.12727,64.13104,,,252
2018-02-07 20:39 (UTC),Terr-AIS,128,,-23.1476,64.12821,,,253
2018-02-07 20:42 (UTC),Terr-AIS,128,,-23.16587,64.12563,,,253
2018-02-07 20:44 (UTC),Terr-AIS,127,,-23.18488,64.12291,,,253
2018-02-07 20:46 (UTC),Terr-AIS,128,,-23.20288,64.12032,,,250
2018-02-07 20:48 (UTC),Terr-AIS,130,,-23.22243,64.11756,,,252
2018-02-07 20:50 (UTC),Terr-AIS,130,,-23.24186,64.11478,,,252
2018-02-07 20:53 (UTC),Terr-AIS,131,,-23.26041,64.11217,,,252
2018-02-07 20:56 (UTC),Terr-AIS,131,,-23.26423,64.1116,,,251
2018-02-07 20:59 (UTC),Terr-AIS,131,,-23.29858,64.10677,,,251
2018-02-07 21:02 (UTC),Terr-AIS,132,,-23.31968,64.10373,,,252
2018-02-07 21:19 (UTC),Terr-AIS,132,,-23.33946,64.10088,,,251
2018-02-07 21:21 (UTC),Terr-AIS,134,,-23.36746,64.0968,,,250
2018-02-07 21:24 (UTC),Terr-AIS,135,,-23.38783,64.09386,,,251
2018-02-07 21:27 (UTC),Terr-AIS,133,,-23.40939,64.0908,,,252
2018-02-07 21:32 (UTC),Terr-AIS,134,,-23.43061,64.0878,,,252
2018-02-07 21:34 (UTC),Terr-AIS,134,,-23.45371,64.08457,,,252
2018-02-07 21:36 (UTC),Terr-AIS,132,,-23.47647,64.08147,,,254
2018-02-07 21:38 (UTC),Terr-AIS,133,,-23.49676,64.07876,,,250
2018-02-07 21:40 (UTC),Terr-AIS,135,,-23.51593,64.07619,,,253
2018-02-07 21:42 (UTC),Terr-AIS,132,,-23.54037,64.07294,,,254
2018-02-07 21:44 (UTC),Terr-AIS,133,,-23.56352,64.06998,,,255
2018-02-07 21:46 (UTC),Terr-AIS,134,,-23.58392,64.06746,,,254
2018-02-07 21:48 (UTC),Terr-AIS,134,,-23.60809,64.0644,,,257
2018-02-07 21:50 (UTC),Terr-AIS,133,,-23.62736,64.06219,,,256
2018-02-07 21:53 (UTC),Terr-AIS,133,,-23.65289,64.0593,,,254
2018-02-07 21:56 (UTC),Terr-AIS,131,,-23.67448,64.05669,,,253
2018-02-07 21:59 (UTC),Terr-AIS,131,,-23.69724,64.054,,,255
2018-02-07 22:02 (UTC),Terr-AIS,132,,-23.72263,64.05103,,,255
2018-02-07 22:06 (UTC),Terr-AIS,134,,-24.31646,63.97573,,,254
2018-02-07 22:08 (UTC),Terr-AIS,121,,-25.06385,63.87942,,,253
2018-02-07 22:10 (UTC),Terr-AIS,120,,-25.08352,63.87712,,,257
2018-02-07 22:12 (UTC),Terr-AIS,119,,-25.10517,63.87472,,,259
2018-02-07 22:15 (UTC),Terr-AIS,120,,-25.14214,63.87101,,,261
2018-02-07 22:18 (UTC),Terr-AIS,121,,-25.15953,63.8694,,,257
2018-02-07 22:20 (UTC),Terr-AIS,121,,-25.1755,63.86797,,,258
2018-02-07 22:23 (UTC),Terr-AIS,121,,-25.19646,63.86608,,,259
2018-02-07 22:27 (UTC),Terr-AIS,121,,-25.21126,63.86469,,,260
2018-02-07 22:29 (UTC),Terr-AIS,121,,-25.22634,63.86333,,,260
2018-02-07 22:31 (UTC),Terr-AIS,121,,-25.24884,63.86131,,,258
2018-02-07 22:33 (UTC),Terr-AIS,123,,-25.27512,63.85905,,,261
2018-02-07 22:50 (UTC),Terr-AIS,121,,-25.29016,63.85773,,,259
2018-02-08 02:38 (UTC),Terr-AIS,123,,-25.30518,63.85637,,,260
2018-02-08 03:22 (UTC),Terr-AIS,123,,-25.32145,63.85493,,,257
2018-02-08 03:25 (UTC),Terr-AIS,121,,-25.33912,63.85327,,,259
2018-02-08 03:28 (UTC),Terr-AIS,120,,-25.36275,63.85107,,,258
2018-02-08 03:32 (UTC),Terr-AIS,123,,-25.38581,63.84896,,,251
2018-02-08 03:56 (UTC),Terr-AIS,124,,-25.41393,63.84535,,,256
2018-02-08 04:34 (UTC),Terr-AIS,124,,-25.43095,63.84325,,,247
2018-02-08 04:37 (UTC),Terr-AIS,125,,-25.4484,63.84111,,,250
2018-02-08 04:39 (UTC),Terr-AIS,125,,-25.46381,63.83922,,,257
2018-02-08 04:43 (UTC),Terr-AIS,125,,-25.47881,63.83745,,,252
2018-02-08 04:45 (UTC),Terr-AIS,124,,-25.49389,63.83568,,,254
2018-02-08 04:47 (UTC),Terr-AIS,123,,-25.50887,63.83385,,,254
2018-02-08 04:51 (UTC),Terr-AIS,122,,-25.52508,63.83196,,,256
2018-02-08 05:16 (UTC),Terr-AIS,125,,-25.54004,63.8302,,,254
2018-02-08 05:22 (UTC),Terr-AIS,125,,-25.55504,63.82839,,,252
2018-02-08 06:38 (UTC),Terr-AIS,125,,-25.57022,63.82644,,,254
2018-02-08 07:54 (UTC),Terr-AIS,124,,-25.58522,63.82442,,,256
2018-02-08 17:04 (UTC),Terr-AIS,123,,-25.60008,63.82255,,,259
2018-02-08 17:06 (UTC),Terr-AIS,123,,-25.61615,63.82054,,,251
2018-02-08 17:08 (UTC),Terr-AIS,125,,-25.63236,63.81865,,,250
2018-02-08 17:11 (UTC),Terr-AIS,121,,-25.65643,63.81566,,,259
2018-02-08 18:01 (UTC),Terr-AIS,120,,-25.67953,63.81296,,,259
2018-02-08 18:04 (UTC),Terr-AIS,126,,-25.69568,63.81108,,,253
2018-02-08 18:06 (UTC),Terr-AIS,123,,-25.71504,63.80882,,,262
2018-02-08 18:09 (UTC),Terr-AIS,124,,-25.74026,63.80567,,,254
2018-02-08 18:13 (UTC),Terr-AIS,129,,-26.60669,63.69913,,,256
2018-02-08 18:15 (UTC),Terr-AIS,117,,-27.3074,63.60386,,,251
2018-02-08 18:18 (UTC),Terr-AIS,129,,-28.03599,63.52396,,,256
2018-02-08 18:21 (UTC),Terr-AIS,122,,-30.18868,63.22922,,,253
2018-02-08 18:24 (UTC),Terr-AIS,117,,-30.88934,63.16816,,,254
2018-02-08 18:26 (UTC),Terr-AIS,121,,-31.58503,63.07836,,,256
2018-02-08 18:29 (UTC),Terr-AIS,139,,-33.02453,62.87487,,,238
2018-02-08 18:31 (UTC),Terr-AIS,133,,-33.44269,62.75675,,,238
2018-02-08 18:34 (UTC),Terr-AIS,143,,-33.69163,62.68518,-33.868333,62.633333,236
2018-02-08 18:37 (UTC),Terr-AIS,141,,-34.39495,62.47889,,,239
2018-02-08 18:40 (UTC),Terr-AIS,145,,-35.10147,62.2775,,,236
2018-02-08 18:43 (UTC),Terr-AIS,143,,-35.64728,62.11179,,,233
2018-02-08 18:46 (UTC),Terr-AIS,139,,-35.82913,62.04967,,,236
2018-02-08 18:48 (UTC),Terr-AIS,138,,-35.92443,62.01799,,,235
2018-02-08 18:51 (UTC),Terr-AIS,143,,-36.02868,61.98404,,,232
2018-02-08 18:53 (UTC),Terr-AIS,139,,-36.3608,61.87413,,,236
2018-02-08 18:56 (UTC),Terr-AIS,145,,-36.54377,61.81466,,,235
2018-02-08 18:58 (UTC),Terr-AIS,140,,-36.65165,61.77918,,,236
2018-02-08 19:02 (UTC),Terr-AIS,140,,-38.58678,61.13832,,,234
2018-02-08 19:04 (UTC),Terr-AIS,122,,-39.05762,60.97699,,,216
2018-02-08 19:07 (UTC),Terr-AIS,132,,-39.13199,60.87742,,,199
2018-02-08 19:10 (UTC),Terr-AIS,134,,-39.21329,60.76361,,,203
2018-02-08 19:13 (UTC),Terr-AIS,137,,-39.31464,60.64662,,,202
2018-02-08 19:16 (UTC),Terr-AIS,136,,-39.39177,60.56097,,,205
2018-02-08 19:19 (UTC),Terr-AIS,136,,-39.41246,60.53777,,,204
2018-02-08 19:22 (UTC),Terr-AIS,137,,-39.47093,60.47224,,,201
2018-02-08 19:26 (UTC),Terr-AIS,132,,-39.51281,60.42368,,,200
2018-02-08 19:29 (UTC),Terr-AIS,135,,-39.61389,60.30906,,,202
2018-02-08 19:32 (UTC),Terr-AIS,130,,-39.65495,60.26097,,,201
2018-02-08 19:35 (UTC),Terr-AIS,131,,-39.76062,60.13297,,,194
2018-02-08 19:37 (UTC),Terr-AIS,130,,-39.76663,60.0675,-39.734722,59.851667,178
2018-02-08 19:39 (UTC),Terr-AIS,119,,-39.75607,59.96111,,,178
2018-02-08 19:41 (UTC),Terr-AIS,121,,-39.75567,59.95139,,,178
2018-02-08 19:43 (UTC),Terr-AIS,115,,-39.74147,59.85981,,,175
2018-02-08 19:46 (UTC),Terr-AIS,120,,-39.69104,59.78105,,,155
2018-02-08 19:48 (UTC),Terr-AIS,118,,-39.55843,59.62056,,,152
2018-02-08 19:51 (UTC),Terr-AIS,140,,-39.37146,59.49467,-39.068333,59.517778,77
2018-02-08 19:54 (UTC),Terr-AIS,131,,-38.87364,59.54192,,,72
2018-02-08 19:56 (UTC),Terr-AIS,137,,-38.61779,59.57985,,,66
2018-02-08 19:59 (UTC),Terr-AIS,141,,-38.37852,59.62051,,,81
2018-02-08 20:04 (UTC),Terr-AIS,136,,-38.10493,59.65767,,,79
2018-02-08 20:07 (UTC),Terr-AIS,138,,-37.87219,59.6917,,,68
2018-02-08 20:09 (UTC),Terr-AIS,138,,-37.62528,59.73119,,,69
2018-02-08 20:11 (UTC),Terr-AIS,134,,-37.3689,59.76923,,,76
2018-02-08 20:14 (UTC),Terr-AIS,136,,-37.13615,59.80513,,,69
2018-02-08 20:16 (UTC),Terr-AIS,122,,-36.83072,59.85533,,,71
2018-02-08 20:18 (UTC),Terr-AIS,113,,-36.67149,59.8926,,,44
2018-02-08 20:23 (UTC),Terr-AIS,137,,-36.54923,59.95492,,,34
2018-02-08 20:25 (UTC),Terr-AIS,118,,-36.44415,60.03248,,,38
2018-02-08 20:28 (UTC),Terr-AIS,126,,-36.35164,60.10851,,,29
2018-02-08 20:30 (UTC),Terr-AIS,118,,-36.25316,60.18303,,,17
2018-02-08 20:33 (UTC),Terr-AIS,142,,-36.23949,60.19184,,,37
2018-02-08 20:35 (UTC),Terr-AIS,121,,-36.15142,60.24898,,,30
2018-02-08 20:38 (UTC),Terr-AIS,108,,-36.12853,60.26337,,,30
2018-02-08 20:40 (UTC),Terr-AIS,125,,-36.02576,60.32621,,,34
2018-02-08 20:42 (UTC),Terr-AIS,112,,-35.91244,60.409,,,43
2018-02-08 20:44 (UTC),Terr-AIS,134,,-35.81895,60.48076,,,38
2018-02-08 20:47 (UTC),Terr-AIS,124,,-35.71601,60.56516,,,25
2018-02-08 20:50 (UTC),Terr-AIS,137,,-35.61762,60.64251,,,35
2018-02-08 20:52 (UTC),Terr-AIS,118,,-35.51085,60.72054,,,30
2018-02-08 20:55 (UTC),Terr-AIS,128,,-35.4548,60.76089,,,39
2018-02-08 20:58 (UTC),Terr-AIS,132,,-35.2501,60.91329,,,30
2018-02-08 21:00 (UTC),Terr-AIS,126,,-34.88225,61.2058,,,24
2018-02-08 21:02 (UTC),Terr-AIS,81,,-35.21641,61.35977,,,312
2018-02-08 21:06 (UTC),Terr-AIS,77,,-35.7126,61.47021,,,289
2018-02-08 21:08 (UTC),Terr-AIS,71,,-35.80379,61.49144,,,300
2018-02-08 21:10 (UTC),Terr-AIS,70,,-35.88806,61.53161,,,308
2018-02-08 21:14 (UTC),Terr-AIS,78,,-36.23749,61.43343,,,231
2018-02-08 21:16 (UTC),Terr-AIS,90,,-36.4361,61.35293,,,226
2018-02-08 21:18 (UTC),Terr-AIS,64,,-36.82306,61.17022,,,223
2018-02-08 21:22 (UTC),Terr-AIS,46,,-37.04156,61.13332,,,304
2018-02-08 21:24 (UTC),Terr-AIS,108,,-37.66239,61.17219,,,200
2018-02-08 21:26 (UTC),Terr-AIS,99,,-37.80986,60.95239,,,195
2018-02-08 21:29 (UTC),Terr-AIS,112,,-37.83654,60.89104,,,196
2018-02-08 21:33 (UTC),Terr-AIS,118,,-37.86951,60.81588,,,188
2018-02-08 21:35 (UTC),Terr-AIS,97,,-37.89885,60.74075,,,189
2018-02-08 21:37 (UTC),Terr-AIS,96,,-37.92634,60.66963,,,193
2018-02-08 21:41 (UTC),Terr-AIS,99,,-37.94118,60.5992,,,183
2018-02-08 21:43 (UTC),Terr-AIS,92,,-37.9441,60.54027,,,181
2018-02-08 21:45 (UTC),Terr-AIS,95,,-37.94896,60.49273,,,187
2018-02-08 21:47 (UTC),Terr-AIS,94,,-37.94961,60.48826,,,186
2018-02-08 21:51 (UTC),Terr-AIS,105,,-37.94447,60.38771,,,185
2018-02-08 21:53 (UTC),Terr-AIS,98,,-37.94334,60.32403,,,182
2018-02-08 21:55 (UTC),Terr-AIS,89,,-37.94375,60.30131,,,178
2018-02-08 21:57 (UTC),Terr-AIS,92,,-37.94132,60.23617,,,172
2018-02-08 22:00 (UTC),Terr-AIS,99,,-37.90918,60.04047,,,161
2018-02-08 22:02 (UTC),Terr-AIS,93,,-37.76043,59.75191,,,172
2018-02-08 22:04 (UTC),Terr-AIS,87,,-37.69156,59.67488,,,158
2018-02-08 22:06 (UTC),Terr-AIS,94,,-37.62745,59.5985,,,154
2018-02-08 22:10 (UTC),Terr-AIS,115,,-37.5541,59.50754,,,157
2018-02-08 22:12 (UTC),Terr-AIS,118,,-37.47026,59.39391,,,155
2018-02-08 22:14 (UTC),Terr-AIS,113,,-37.4066,59.30555,,,155
2018-02-08 22:16 (UTC),Terr-AIS,110,,-37.38739,59.26272,,,172
2018-02-08 22:20 (UTC),Terr-AIS,115,,-37.37455,59.20087,,,173
2018-02-08 22:22 (UTC),Terr-AIS,121,,-37.37132,59.18579,,,177
2018-02-08 22:24 (UTC),Terr-AIS,118,,-37.35636,59.10043,,,187
2018-02-08 22:28 (UTC),Terr-AIS,119,,-37.35575,59.07687,,,182
2018-02-08 22:30 (UTC),Terr-AIS,117,,-37.34849,59.00352,,,171
2018-02-08 22:32 (UTC),Terr-AIS,118,,-37.33965,58.92877,,,188
2018-02-08 22:34 (UTC),Terr-AIS,125,,-37.34335,58.88713,,,174
2018-02-08 22:37 (UTC),Terr-AIS,120,,-37.34472,58.8567,,,181
2018-02-08 22:40 (UTC),Terr-AIS,126,,-37.3899,58.76357,,,199
2018-02-08 22:42 (UTC),Terr-AIS,119,,-37.40058,58.75064,,,202
2018-02-08 22:44 (UTC),Terr-AIS,126,,-37.46042,58.68259,-37.435,58.685833,207
2018-02-08 22:46 (UTC),Terr-AIS,125,,-37.50707,58.6333,,,201
2018-02-08 22:49 (UTC),Terr-AIS,126,,-37.54321,58.59607,,,206
2018-02-08 22:53 (UTC),Terr-AIS,126,,-37.63192,58.50067,,,208
2018-02-08 22:55 (UTC),Terr-AIS,132,,-37.71886,58.42017,-37.718333,58.401944,213
2018-02-08 22:57 (UTC),Terr-AIS,129,,-37.75774,58.38409,,,212
2018-02-08 22:59 (UTC),Terr-AIS,137,,-37.89707,58.26212,,,211
2018-02-08 23:01 (UTC),Terr-AIS,134,,-38.10635,58.07441,,,213
2018-02-08 23:04 (UTC),Terr-AIS,149,,-38.46027,57.75609,,,212
2018-02-08 23:07 (UTC),Terr-AIS,138,,-38.58606,57.64278,,,212
2018-02-08 23:11 (UTC),Terr-AIS,143,,-38.7216,57.519,,,207
2018-02-08 23:13 (UTC),Terr-AIS,152,,-38.83867,57.40959,,,211
2018-02-08 23:15 (UTC),Terr-AIS,139,,-38.91439,57.27599,,,198
2018-02-08 23:17 (UTC),Terr-AIS,133,,-38.98013,57.15482,,,201
2018-02-08 23:19 (UTC),Terr-AIS,140,,-39.01838,57.08393,,,196
2018-02-08 23:22 (UTC),Terr-AIS,140,,-39.05219,57.021,,,194
2018-02-08 23:24 (UTC),Terr-AIS,132,,-39.0981,56.93988,,,198
2018-02-08 23:26 (UTC),Terr-AIS,119,,-39.20218,56.75149,,,197
2018-02-08 23:30 (UTC),Terr-AIS,126,,-39.32856,56.6087,,,202
2018-02-08 23:32 (UTC),Terr-AIS,120,,-39.39724,56.53169,,,202
2018-02-08 23:34 (UTC),Terr-AIS,103,,-39.41215,56.51533,,,205
2018-02-08 23:36 (UTC),Terr-AIS,110,,-39.45491,56.46961,,,202
2018-02-08 23:39 (UTC),Terr-AIS,116,,-39.4677,56.45589,,,212
2018-02-08 23:42 (UTC),Terr-AIS,117,,-39.56172,56.39268,,,220
2018-02-08 23:44 (UTC),Terr-AIS,115,,-39.64615,56.34192,,,223
2018-02-08 23:46 (UTC),Terr-AIS,106,,-39.76023,56.27079,,,225
2018-02-08 23:50 (UTC),Terr-AIS,109,,-39.79653,56.24991,,,213
2018-02-08 23:52 (UTC),Terr-AIS,106,,-39.85702,56.21819,,,229
2018-02-08 23:54 (UTC),Terr-AIS,106,,-39.95612,56.16749,,,230
2018-02-08 23:57 (UTC),Terr-AIS,111,,-40.14803,56.07151,,,228
2018-02-09 00:00 (UTC),Terr-AIS,130,,-40.48395,55.90556,,,229
2018-02-09 00:02 (UTC),Terr-AIS,129,,-40.49618,55.89921,,,229
2018-02-09 00:05 (UTC),Terr-AIS,113,,-41.47472,55.35039,,,225
2018-02-09 00:08 (UTC),Terr-AIS,129,,-41.58443,55.25827,,,204
2018-02-09 00:10 (UTC),Terr-AIS,139,,-41.69084,55.15475,,,207
2018-02-09 00:12 (UTC),Terr-AIS,132,,-41.7065,55.13795,,,208
2018-02-09 00:16 (UTC),Terr-AIS,131,,-41.75527,55.08756,,,206
2018-02-09 00:18 (UTC),Terr-AIS,128,,-41.80766,55.03283,,,208
2018-02-09 00:20 (UTC),Terr-AIS,131,,-41.83601,55.00282,,,207
2018-02-09 00:24 (UTC),Terr-AIS,138,,-41.89518,54.94146,,,209
2018-02-09 00:26 (UTC),Terr-AIS,126,,-41.91168,54.92427,,,203
2018-02-09 00:28 (UTC),Terr-AIS,128,,-41.91822,54.91756,,,208
2018-02-09 00:30 (UTC),Terr-AIS,135,,-41.99697,54.83477,,,204
2018-02-09 00:33 (UTC),Terr-AIS,124,,-42.00396,54.82754,,,209
2018-02-09 00:35 (UTC),Terr-AIS,132,,-42.01086,54.82029,,,206
2018-02-09 00:37 (UTC),Terr-AIS,138,,-42.06681,54.76088,,,208
2018-02-09 00:40 (UTC),Terr-AIS,130,,-42.0805,54.74454,,,202
2018-02-09 00:43 (UTC),Terr-AIS,134,,-42.10749,54.71358,,,204
2018-02-09 00:45 (UTC),Terr-AIS,131,,-42.13587,54.67033,,,205
2018-02-09 00:47 (UTC),Terr-AIS,134,,-42.18809,54.59096,,,196
2018-02-09 00:49 (UTC),Terr-AIS,127,,-42.19536,54.58082,,,203
2018-02-09 00:52 (UTC),Terr-AIS,126,,-42.26372,54.49146,,,203
2018-02-09 00:54 (UTC),Terr-AIS,130,,-42.27045,54.48315,,,202
2018-02-09 00:56 (UTC),Terr-AIS,138,,-42.33101,54.40682,,,200
2018-02-09 00:59 (UTC),Terr-AIS,130,,-42.34506,54.38937,,,196
2018-02-09 01:02 (UTC),Terr-AIS,126,,-42.39436,54.3272,,,200
2018-02-09 01:05 (UTC),Terr-AIS,128,,-42.45711,54.23819,,,199
2018-02-09 01:07 (UTC),Terr-AIS,132,,-42.52215,54.13714,,,198
2018-02-09 01:09 (UTC),Terr-AIS,135,,-42.56373,54.0756,,,202
2018-02-09 01:11 (UTC),Terr-AIS,131,,-42.57819,54.05545,,,202
2018-02-09 01:14 (UTC),Terr-AIS,129,,-42.75099,53.80893,,,196
2018-02-09 01:16 (UTC),Terr-AIS,123,,-42.81859,53.69981,,,202
2018-02-09 01:19 (UTC),Terr-AIS,123,,-42.82872,53.68312,,,203
2018-02-09 01:22 (UTC),Terr-AIS,123,,-42.89205,53.57606,,,197
2018-02-09 01:24 (UTC),Terr-AIS,132,,-42.96297,53.45429,,,202
2018-02-09 01:27 (UTC),Terr-AIS,139,,-43.0353,53.33625,,,197
2018-02-09 01:31 (UTC),Terr-AIS,136,,-43.10221,53.21338,,,198
2018-02-09 01:33 (UTC),Terr-AIS,141,,-43.17842,53.08501,,,198
2018-02-09 01:35 (UTC),Terr-AIS,141,,-43.26229,52.95369,,,200
2018-02-09 01:37 (UTC),Terr-AIS,143,,-43.27376,52.93524,-43.618889,52.267222,202
2018-02-09 01:41 (UTC),Terr-AIS,135,,-43.37009,52.76257,-43.619167,52.252222,195
2018-02-09 01:43 (UTC),Terr-AIS,140,,-43.41767,52.67274,,,199
2018-02-09 01:45 (UTC),Terr-AIS,141,,-43.47408,52.57019,,,196
2018-02-09 01:48 (UTC),Terr-AIS,141,,-43.52553,52.47741,,,196
2018-02-09 01:50 (UTC),Terr-AIS,126,,-43.57701,52.38272,,,197
2018-02-09 01:52 (UTC),Terr-AIS,124,,-43.62218,52.29067,,,195
2018-02-09 01:54 (UTC),Terr-AIS,133,,-43.65977,52.21039,,,193
2018-02-09 01:57 (UTC),Terr-AIS,127,,-43.70234,52.12802,,,199
2018-02-09 02:00 (UTC),Terr-AIS,123,,-43.73659,52.06384,,,199
2018-02-09 02:02 (UTC),Terr-AIS,125,,-43.75211,52.03552,,,200
2018-02-09 02:05 (UTC),Terr-AIS,143,,-43.80457,51.94201,,,193
2018-02-09 02:08 (UTC),Terr-AIS,132,,-43.85118,51.86313,,,203
2018-02-09 02:10 (UTC),Terr-AIS,127,,-43.86278,51.84524,,,209
2018-02-09 02:12 (UTC),Terr-AIS,137,,-43.91832,51.76563,,,213
2018-02-09 02:16 (UTC),Terr-AIS,146,,-43.98198,51.67347,,,210
2018-02-09 02:18 (UTC),Terr-AIS,139,,-44.04105,51.58078,,,200
2018-02-09 02:20 (UTC),Terr-AIS,133,,-44.07746,51.51872,,,207
2018-02-09 02:23 (UTC),Terr-AIS,131,,-44.0937,51.49488,,,200
2018-02-09 02:26 (UTC),Terr-AIS,133,,-44.16571,51.39613,,,206
2018-02-09 02:28 (UTC),Terr-AIS,124,,-44.41689,50.97023,,,202
2018-02-09 02:30 (UTC),Terr-AIS,130,,-44.48598,50.83737,,,191
2018-02-09 02:34 (UTC),Terr-AIS,129,,-44.53414,50.73659,,,206
2018-02-09 02:36 (UTC),Terr-AIS,133,,-44.62453,50.62487,,,198
2018-02-09 02:38 (UTC),Terr-AIS,122,,-44.70337,50.51424,,,212
2018-02-09 02:41 (UTC),Terr-AIS,126,,-44.77533,50.43005,,,205
2018-02-09 02:44 (UTC),Terr-AIS,112,,-44.7878,50.41585,,,212
2018-02-09 02:46 (UTC),Terr-AIS,128,,-44.85829,50.33657,,,210
2018-02-09 02:48 (UTC),Terr-AIS,112,,-44.87169,50.32222,,,224
2018-02-09 02:51 (UTC),Terr-AIS,113,,-44.87761,50.31587,,,203
2018-02-09 02:54 (UTC),Terr-AIS,123,,-44.94521,50.23916,,,207
2018-02-09 02:56 (UTC),Terr-AIS,123,,-44.95728,50.22532,,,207
2018-02-09 02:58 (UTC),Terr-AIS,124,,-45.0077,50.16079,,,211
2018-02-09 03:01 (UTC),Terr-AIS,118,,-45.02803,50.13228,,,208
2018-02-09 03:03 (UTC),Terr-AIS,120,,-45.03905,50.11716,,,207
2018-02-09 03:05 (UTC),Terr-AIS,131,,-45.05991,50.08882,,,206
2018-02-09 03:07 (UTC),Terr-AIS,125,,-45.10876,50.02821,,,212
2018-02-09 03:10 (UTC),Terr-AIS,126,,-45.12021,50.01523,,,203
2018-02-09 03:12 (UTC),Terr-AIS,123,,-45.19863,49.92721,,,206
2018-02-09 03:14 (UTC),Terr-AIS,124,,-45.20883,49.91582,,,204
2018-02-09 03:17 (UTC),Terr-AIS,116,,-45.26969,49.84853,,,211
2018-02-09 03:19 (UTC),Terr-AIS,126,,-45.30246,49.81451,,,202
2018-02-09 03:21 (UTC),Terr-AIS,130,,-45.33565,49.76999,,,198
2018-02-09 03:23 (UTC),Terr-AIS,127,,-45.37889,49.70164,,,197
2018-02-09 03:27 (UTC),Terr-AIS,117,,-45.38661,49.68898,,,197
2018-02-09 03:29 (UTC),Terr-AIS,136,,-45.43655,49.60703,,,204
2018-02-09 03:32 (UTC),Terr-AIS,138,,-45.44061,49.60034,,,198
2018-02-09 03:36 (UTC),Terr-AIS,127,,-45.48806,49.50544,,,199
2018-02-09 06:03 (UTC),Terr-AIS,121,,-45.50919,49.46662,,,200
2018-02-09 06:06 (UTC),Terr-AIS,123,,-45.53226,49.42264,,,196
2018-02-09 06:09 (UTC),Terr-AIS,117,,-45.58694,49.33789,-46.019167,48.800278,204
2018-02-09 06:11 (UTC),Terr-AIS,110,,-45.64547,49.25614,,,208
2018-02-09 06:13 (UTC),Terr-AIS,112,,-45.7125,49.16992,,,204
2018-02-09 06:16 (UTC),Terr-AIS,121,,-45.79817,49.0704,,,212
2018-02-09 06:18 (UTC),Terr-AIS,119,,-45.87792,48.97744,-46.318611,48.452222,205
2018-02-09 06:20 (UTC),Terr-AIS,122,,-45.96386,48.87981,,,211
2018-02-09 06:22 (UTC),Terr-AIS,114,,-46.04899,48.78184,,,207
2018-02-09 06:25 (UTC),Terr-AIS,116,,-46.12895,48.68682,,,207
2018-02-09 06:27 (UTC),Terr-AIS,117,,-46.21566,48.58967,,,210
2018-02-09 06:29 (UTC),Terr-AIS,114,,-46.38599,48.39152,,,206
2018-02-09 06:33 (UTC),Terr-AIS,119,,-46.46602,48.29045,,,209
2018-02-09 06:35 (UTC),Terr-AIS,115,,-46.54577,48.18771,,,204
2018-02-09 06:37 (UTC),Terr-AIS,111,,-46.59613,48.11146,,,203
2018-02-09 06:40 (UTC),Terr-AIS,106,,-46.66503,48.00635,,,202
2018-02-09 06:43 (UTC),Terr-AIS,112,,-46.69304,47.96972,,,204
2018-02-09 06:45 (UTC),Terr-AIS,100,,-46.81153,47.83377,,,212
2018-02-09 06:48 (UTC),Terr-AIS,105,,-46.85656,47.7812,,,205
2018-02-09 06:50 (UTC),Terr-AIS,106,,-46.88909,47.74043,,,203
2018-02-09 06:52 (UTC),Terr-AIS,117,,-47.02183,47.57431,,,209
2018-02-09 06:55 (UTC),Terr-AIS,112,,-47.07984,47.502,,,206
2018-02-09 06:58 (UTC),Terr-AIS,131,,-47.20112,47.33523,,,207
2018-02-09 07:00 (UTC),Terr-AIS,124,,-47.25573,47.26135,,,207
2018-02-09 07:02 (UTC),Terr-AIS,135,,-47.31518,47.18388,,,206
2018-02-09 07:04 (UTC),Terr-AIS,116,,-47.46369,46.9585,,,207
2018-02-09 07:08 (UTC),Terr-AIS,111,,-47.59612,46.79519,,,208
2018-02-09 07:10 (UTC),Terr-AIS,115,,-47.67206,46.69409,,,205
2018-02-09 07:12 (UTC),Terr-AIS,110,,-47.74261,46.60001,,,205
2018-02-09 07:15 (UTC),Terr-AIS,108,,-47.80542,46.51727,,,209
2018-02-09 07:17 (UTC),Terr-AIS,119,,-47.87189,46.4251,,,199
2018-02-09 07:19 (UTC),Terr-AIS,114,,-48.04911,46.1845,,,207
2018-02-09 07:22 (UTC),Terr-AIS,113,,-48.08755,46.13312,,,210
2018-02-09 07:26 (UTC),Terr-AIS,112,,-48.10169,46.11409,,,207
2018-02-09 07:28 (UTC),Terr-AIS,112,,-48.1534,46.04735,,,206
2018-02-09 07:30 (UTC),Terr-AIS,109,,-48.15869,46.0404,,,208
2018-02-09 07:34 (UTC),Terr-AIS,108,,-48.20517,45.97708,,,205
2018-02-09 07:36 (UTC),Terr-AIS,106,,-48.22318,45.95265,-48.585278,45.451111,207
2018-02-09 07:38 (UTC),Terr-AIS,109,,-48.25881,45.90455,,,207
2018-02-09 07:41 (UTC),Terr-AIS,108,,-48.28806,45.86431,,,206
2018-02-09 07:44 (UTC),Terr-AIS,104,,-48.30913,45.83541,,,203
2018-02-09 07:46 (UTC),Terr-AIS,110,,-48.36191,45.76913,,,215
2018-02-09 07:48 (UTC),Terr-AIS,107,,-48.36637,45.76454,,,218
2018-02-09 07:52 (UTC),Terr-AIS,113,,-48.41912,45.69774,,,204
2018-02-09 07:54 (UTC),Terr-AIS,112,,-48.43805,45.6715,,,205
2018-02-09 07:56 (UTC),Terr-AIS,116,,-48.47009,45.62752,,,207
2018-02-09 07:59 (UTC),Terr-AIS,109,,-48.52214,45.55457,,,207
2018-02-09 08:02 (UTC),Terr-AIS,112,,-48.62741,45.41224,,,206
2018-02-09 08:04 (UTC),Terr-AIS,109,,-48.6545,45.37013,,,201
2018-02-09 08:08 (UTC),Terr-AIS,106,,-48.68729,45.31346,,,202
2018-02-09 08:10 (UTC),Terr-AIS,104,,-48.71795,45.26011,,,202
2018-02-09 08:12 (UTC),Terr-AIS,112,,-48.74611,45.21104,,,200
2018-02-09 08:16 (UTC),Terr-AIS,109,,-48.81315,45.12607,,,210
2018-02-09 08:18 (UTC),Terr-AIS,107,,-48.88965,45.03638,,,208
2018-02-09 08:20 (UTC),Terr-AIS,111,,-48.99758,44.99814,,,270
2018-02-09 08:23 (UTC),Terr-AIS,107,,-49.14366,44.99898,,,269
2018-02-09 08:26 (UTC),Terr-AIS,107,,-49.28659,44.99936,,,272
2018-02-09 08:28 (UTC),Terr-AIS,112,,-49.47485,44.99958,,,276
2018-02-09 08:30 (UTC),Terr-AIS,108,,-49.58046,44.99969,,,270
2018-02-09 08:33 (UTC),Terr-AIS,107,,-49.60243,44.99973,,,267
2018-02-09 08:36 (UTC),Terr-AIS,106,,-49.72731,45.00018,,,267
2018-02-09 08:38 (UTC),Terr-AIS,106,,-49.75261,45.00011,,,265
2018-02-09 08:40 (UTC),Terr-AIS,107,,-49.77995,45,,,268
2018-02-09 08:44 (UTC),Terr-AIS,111,,-49.89696,44.99962,,,263
2018-02-09 08:46 (UTC),Terr-AIS,107,,-50.02763,45.00658,,,284
2018-02-09 08:48 (UTC),Terr-AIS,107,,-50.10068,45.02171,,,287
2018-02-09 08:50 (UTC),Terr-AIS,107,,-50.22272,45.04561,,,283
2018-02-09 08:52 (UTC),Terr-AIS,106,,-50.3193,45.06495,,,282
2018-02-09 08:56 (UTC),Terr-AIS,105,,-50.41108,45.08344,,,290
2018-02-09 08:58 (UTC),Terr-AIS,103,,-50.51693,45.10532,,,285
2018-02-09 09:00 (UTC),Terr-AIS,106,,-50.59704,45.12106,,,286
2018-02-09 09:03 (UTC),Terr-AIS,107,,-50.81091,45.162,,,285
2018-02-09 09:06 (UTC),Terr-AIS,108,,-50.83674,45.16692,,,283
2018-02-09 09:08 (UTC),Terr-AIS,107,,-50.92474,45.1838,,,287
2018-02-09 09:10 (UTC),Terr-AIS,107,,-51.04301,45.20612,,,286
2018-02-09 09:14 (UTC),Terr-AIS,106,,-51.126,45.22175,,,287
2018-02-09 09:16 (UTC),Terr-AIS,109,,-51.15803,45.22853,,,285
2018-02-09 09:19 (UTC),Terr-AIS,109,,-51.23732,45.24561,,,285
2018-02-09 09:22 (UTC),Terr-AIS,109,,-51.37109,45.27439,,,283
2018-02-09 09:25 (UTC),Terr-AIS,109,,-51.3946,45.27923,,,283
2018-02-09 09:27 (UTC),Terr-AIS,107,,-51.4023,45.28087,,,286
2018-02-09 09:29 (UTC),Terr-AIS,109,,-51.43632,45.28798,,,287
2018-02-09 09:31 (UTC),Terr-AIS,108,,-51.45689,45.29205,,,284
2018-02-09 09:34 (UTC),Terr-AIS,107,,-51.4692,45.29446,,,286
2018-02-09 09:36 (UTC),Terr-AIS,111,,-51.51888,45.30408,,,284
2018-02-09 09:38 (UTC),Terr-AIS,110,,-51.58946,45.31804,,,285
2018-02-09 09:41 (UTC),Terr-AIS,109,,-51.7325,45.34684,,,283
2018-02-09 09:44 (UTC),Terr-AIS,107,,-51.77207,45.35529,,,287
2018-02-09 09:46 (UTC),Terr-AIS,108,,-51.81242,45.36348,,,289
2018-02-09 09:49 (UTC),Terr-AIS,107,,-51.83137,45.36721,,,286
2018-02-09 09:51 (UTC),Terr-AIS,111,,-51.87113,45.37555,,,287
2018-02-09 09:54 (UTC),Terr-AIS,109,,-51.90562,45.38269,,,284
2018-02-09 09:59 (UTC),Terr-AIS,111,,-51.91881,45.38542,,,287
2018-02-09 10:06 (UTC),Terr-AIS,110,,-51.93461,45.38874,,,288
2018-02-09 10:09 (UTC),Terr-AIS,111,,-51.95531,45.39313,,,292
2018-02-09 10:12 (UTC),Terr-AIS,109,,-51.97049,45.39611,,,288
2018-02-09 10:14 (UTC),Terr-AIS,108,,-51.98163,45.39837,,,282
2018-02-09 10:18 (UTC),Terr-AIS,110,,-51.99119,45.40034,,,284
2018-02-09 10:20 (UTC),Terr-AIS,111,,-52.00165,45.40238,,,286
2018-02-09 10:22 (UTC),Terr-AIS,110,,-52.01351,45.40479,,,284
2018-02-09 10:25 (UTC),Terr-AIS,109,,-52.02453,45.40679,,,286
2018-02-09 10:27 (UTC),Terr-AIS,107,,-52.03565,45.40897,,,282
2018-02-09 10:29 (UTC),Terr-AIS,109,,-52.05214,45.41208,,,284
2018-02-09 10:32 (UTC),Terr-AIS,106,,-52.06169,45.41399,,,287
2018-02-09 10:34 (UTC),Terr-AIS,106,,-52.07112,45.4157,,,283
2018-02-09 10:37 (UTC),Terr-AIS,104,,-52.08267,45.41789,,,282
2018-02-09 10:39 (UTC),Terr-AIS,112,,-52.09429,45.42044,,,290
2018-02-09 10:42 (UTC),Terr-AIS,110,,-52.10392,45.42249,,,285
2018-02-09 10:45 (UTC),Terr-AIS,110,,-52.11414,45.42461,,,286
2018-02-09 10:47 (UTC),Terr-AIS,109,,-52.12471,45.4267,,,284
2018-02-09 10:49 (UTC),Terr-AIS,108,,-52.13838,45.42929,,,284
2018-02-09 10:52 (UTC),Terr-AIS,107,,-52.14807,45.43108,,,282
2018-02-09 10:54 (UTC),Terr-AIS,109,,-52.159,45.43305,,,284
2018-02-09 10:58 (UTC),Terr-AIS,110,,-52.17265,45.4357,,,284
2018-02-09 11:04 (UTC),Terr-AIS,111,,-52.18307,45.43796,,,289
2018-02-09 11:07 (UTC),Terr-AIS,110,,-52.19875,45.44127,,,287
2018-02-09 11:09 (UTC),Terr-AIS,108,,-52.21516,45.44469,,,288
2018-02-09 11:12 (UTC),Terr-AIS,106,,-52.23687,45.44939,,,286
2018-02-09 11:15 (UTC),Terr-AIS,107,,-52.24899,45.45194,,,287
2018-02-09 11:18 (UTC),Terr-AIS,107,,-52.26248,45.45487,,,286
2018-02-09 11:23 (UTC),Terr-AIS,107,,-52.27371,45.45715,,,285
2018-02-09 11:25 (UTC),Terr-AIS,107,,-52.28514,45.4596,,,285
2018-02-09 11:28 (UTC),Terr-AIS,106,,-52.2981,45.46209,,,285
2018-02-09 11:36 (UTC),Terr-AIS,106,,-52.30898,45.4642,,,283
2018-02-09 11:38 (UTC),Terr-AIS,108,,-52.31882,45.46606,,,288
2018-02-09 11:45 (UTC),Terr-AIS,106,,-52.32819,45.46785,,,287
2018-02-09 11:47 (UTC),Terr-AIS,106,,-52.34225,45.4706,,,281
2018-02-09 11:56 (UTC),Terr-AIS,106,,-52.3527,45.47262,,,284
2018-02-09 12:02 (UTC),Terr-AIS,105,,-52.39054,45.48022,,,288
2018-02-09 12:07 (UTC),Terr-AIS,108,,-52.40405,45.48295,,,285
2018-02-09 12:10 (UTC),Terr-AIS,107,,-52.41489,45.48517,,,285
2018-02-09 12:15 (UTC),Terr-AIS,108,,-52.43255,45.48872,,,288
2018-02-09 12:18 (UTC),Terr-AIS,109,,-52.44208,45.49067,,,285
2018-02-09 12:22 (UTC),Terr-AIS,107,,-52.45657,45.49344,,,282
2018-02-09 13:17 (UTC),Terr-AIS,106,,-52.48655,45.49917,,,284
2018-02-09 13:26 (UTC),Terr-AIS,106,,-52.49576,45.50075,,,285
2018-02-09 13:31 (UTC),Terr-AIS,107,,-52.51273,45.50417,,,286
2018-02-09 13:36 (UTC),Terr-AIS,108,,-52.53296,45.50831,,,285
2018-02-10 11:57 (UTC),Terr-AIS,107,,-52.54375,45.51048,,,286
2018-02-10 12:00 (UTC),Terr-AIS,107,,-52.55641,45.51307,,,284
2018-02-10 12:04 (UTC),Terr-AIS,109,,-52.5654,45.51485,,,286
2018-02-10 12:07 (UTC),Terr-AIS,107,,-52.58909,45.51956,,,285
2018-02-10 12:10 (UTC),Terr-AIS,109,,-52.5981,45.52139,,,282
2018-02-10 12:13 (UTC),Terr-AIS,107,,-52.61125,45.52406,,,283
2018-02-10 12:18 (UTC),Terr-AIS,107,,-52.62399,45.52668,,,287
2018-02-10 12:21 (UTC),Terr-AIS,109,,-52.66044,45.53408,,,285
2018-02-10 12:24 (UTC),Terr-AIS,107,,-52.74079,45.55053,,,282
2018-02-10 12:26 (UTC),Terr-AIS,109,,-52.88013,45.57934,,,287
2018-02-10 12:28 (UTC),Terr-AIS,106,,-52.89891,45.58326,,,289
2018-02-10 12:31 (UTC),Terr-AIS,106,,-52.99597,45.60334,,,286
2018-02-10 12:34 (UTC),Terr-AIS,107,,-53.00874,45.60601,,,288
2018-02-10 12:38 (UTC),Terr-AIS,104,,-53.09103,45.6235,,,284
2018-02-10 12:40 (UTC),Terr-AIS,108,,-53.11499,45.62867,,,293
2018-02-10 12:42 (UTC),Terr-AIS,106,,-53.14712,45.63553,,,286
2018-02-10 12:45 (UTC),Terr-AIS,110,,-53.20285,45.64712,,,289
2018-02-10 12:49 (UTC),Terr-AIS,106,,-53.28802,45.66065,,,280
2018-02-10 12:51 (UTC),Terr-AIS,109,,-53.42711,45.68826,,,286
2018-02-10 12:54 (UTC),Terr-AIS,107,,-53.46503,45.69714,,,285
2018-02-10 12:56 (UTC),Terr-AIS,106,,-53.50578,45.70627,,,285
2018-02-10 12:59 (UTC),Terr-AIS,110,,-53.53017,45.71153,,,288
2018-02-10 13:03 (UTC),Terr-AIS,107,,-53.54298,45.71424,,,284
2018-02-10 13:05 (UTC),Terr-AIS,105,,-53.55596,45.71704,,,288
2018-02-10 13:07 (UTC),Terr-AIS,107,,-53.56955,45.72001,,,288
2018-02-10 13:10 (UTC),Terr-AIS,109,,-53.58175,45.72265,,,284
2018-02-10 13:15 (UTC),Terr-AIS,105,,-53.59295,45.72523,,,285
2018-02-10 13:18 (UTC),Terr-AIS,108,,-53.60241,45.72724,,,284
2018-02-10 13:21 (UTC),Terr-AIS,107,,-53.61414,45.72971,,,286
2018-02-10 13:24 (UTC),Terr-AIS,106,,-53.62383,45.73171,,,286
2018-02-10 13:27 (UTC),Terr-AIS,104,,-53.63864,45.73489,,,286
2018-02-10 13:29 (UTC),Terr-AIS,109,,-53.66024,45.73947,,,289
2018-02-10 13:31 (UTC),Terr-AIS,111,,-53.67398,45.74236,,,288
2018-02-10 13:33 (UTC),Terr-AIS,111,,-53.70071,45.74791,,,287
2018-02-10 13:36 (UTC),Terr-AIS,113,,-53.71753,45.75134,,,289
2018-02-10 13:39 (UTC),Terr-AIS,113,,-53.73694,45.75543,,,286
2018-02-10 13:42 (UTC),Terr-AIS,109,,-53.74593,45.75727,,,285
2018-02-10 13:44 (UTC),Terr-AIS,109,,-53.76101,45.76038,,,286
2018-02-10 13:48 (UTC),Terr-AIS,106,,-53.77324,45.76303,,,283
2018-02-10 13:51 (UTC),Terr-AIS,103,,-53.78536,45.76559,,,285
2018-02-10 13:54 (UTC),Terr-AIS,105,,-53.80441,45.7697,,,286
2018-02-10 13:58 (UTC),Terr-AIS,107,,-53.81639,45.77236,,,289
2018-02-10 14:01 (UTC),Terr-AIS,105,,-53.82712,45.77475,,,286
2018-02-10 14:04 (UTC),Terr-AIS,103,,-53.83924,45.77741,,,287
2018-02-10 14:07 (UTC),Terr-AIS,106,,-53.87231,45.78453,,,289
2018-02-10 14:09 (UTC),Terr-AIS,110,,-53.88462,45.78725,,,285
2018-02-10 14:12 (UTC),Terr-AIS,106,,-53.92206,45.79522,,,284
2018-02-10 14:15 (UTC),Terr-AIS,110,,-53.94261,45.79953,,,289
2018-02-10 14:17 (UTC),Terr-AIS,108,,-53.96096,45.80344,,,285
2018-02-10 14:20 (UTC),Terr-AIS,109,,-53.97637,45.80676,,,287
2018-02-10 14:23 (UTC),Terr-AIS,111,,-54.0413,45.82089,,,282
2018-02-10 14:25 (UTC),Terr-AIS,109,,-54.0767,45.82825,,,284
2018-02-10 14:28 (UTC),Terr-AIS,106,,-54.10159,45.8333,,,283
2018-02-10 14:31 (UTC),Terr-AIS,109,,-54.1496,45.84331,,,286
2018-02-10 14:34 (UTC),Terr-AIS,100,,-54.17845,45.84945,,,304
2018-02-10 14:37 (UTC),Terr-AIS,109,,-54.21346,45.8962,,,335
2018-02-10 14:40 (UTC),Terr-AIS,107,,-54.22331,45.91002,,,333
2018-02-10 14:42 (UTC),Terr-AIS,111,,-54.25004,45.94781,,,334
2018-02-10 14:45 (UTC),Terr-AIS,109,,-54.26714,45.97205,,,332
2018-02-10 14:48 (UTC),Terr-AIS,109,,-54.27297,45.98024,,,335
2018-02-10 14:51 (UTC),Terr-AIS,108,,-54.32024,46.04612,,,333
2018-02-10 14:53 (UTC),Terr-AIS,109,,-54.32509,46.05245,,,330
2018-02-10 14:57 (UTC),Terr-AIS,109,,-54.3326,46.06258,,,334
2018-02-10 14:59 (UTC),Terr-AIS,110,,-54.34878,46.08406,,,332
2018-02-10 15:02 (UTC),Terr-AIS,105,,-54.377,46.12269,,,336
2018-02-10 15:06 (UTC),Terr-AIS,106,,-54.42384,46.19505,,,335
2018-02-10 15:08 (UTC),Terr-AIS,110,,-54.48141,46.27509,,,337
2018-02-10 15:11 (UTC),Terr-AIS,114,,-54.55022,46.36459,,,329
2018-02-10 15:14 (UTC),Terr-AIS,109,,-54.6865,46.56042,,,336
2018-02-10 15:17 (UTC),Terr-AIS,111,,-54.72143,46.60777,,,338
2018-02-10 15:20 (UTC),Terr-AIS,116,,-54.7354,46.65091,,,33
2018-02-10 15:22 (UTC),Terr-AIS,101,,-54.65134,46.74233,,,31
2018-02-10 15:25 (UTC),Terr-AIS,104,,-54.59362,46.80041,,,34
2018-02-10 15:28 (UTC),Terr-AIS,112,,-54.57114,46.82217,,,35
2018-02-10 15:30 (UTC),Terr-AIS,113,,-54.52959,46.86299,,,34
2018-02-10 15:33 (UTC),Terr-AIS,113,,-54.48038,46.91725,,,29
2018-02-10 15:35 (UTC),Terr-AIS,112,,-54.46206,46.93869,,,31
2018-02-10 15:38 (UTC),Terr-AIS,113,,-54.3909,47.01266,,,35
2018-02-10 15:40 (UTC),Terr-AIS,110,,-54.33452,47.06688,,,34
2018-02-10 15:42 (UTC),Terr-AIS,109,,-54.30728,47.09445,,,31
2018-02-10 15:45 (UTC),Terr-AIS,106,,-54.26679,47.13633,,,30
2018-02-10 15:48 (UTC),Terr-AIS,110,,-54.20809,47.19953,,,34
2018-02-10 15:50 (UTC),Terr-AIS,115,,-54.14041,47.26237,,,37
2018-02-10 15:53 (UTC),Terr-AIS,112,,-54.06925,47.32158,,,51
2018-02-10 15:56 (UTC),Terr-AIS,110,,-54.0494,47.33086,,,63
2018-02-10 15:59 (UTC),Terr-AIS,91,,-53.96516,47.3274,,,149
2018-02-10 16:02 (UTC),Terr-AIS,29,,-53.97422,47.29857,,,243
2018-02-10 16:04 (UTC),Terr-AIS,20,,-53.97807,47.29736,,,245
2018-02-10 16:07 (UTC),Terr-AIS,13,,-53.98049,47.29678,,,281
2018-02-10 16:11 (UTC),Terr-AIS,0,,-53.98417,47.29568,,,217
